id	model	reviewed_at	body_support	full_request_support	recommended_route	risk_flags	notes	evidence_path
GE106	Kimodo-SOMA-RP-v1.1	2026-08-25	partial	partial	pose_library	exact_static_composition	Standing base is plausible; exact hair-touch and over-shoulder editorial composition are weak.	results/prompt-catalog-review-36-100step/summary.jsonl
GE155	Kimodo-SOMA-RP-v1.1	2026-08-25	good	partial	pose_library	exact_static_composition	Stable photo-pose-like silhouette with low unwanted root motion; authored final pose remains preferred.	results/prompt-catalog-review-36-100step/summary.jsonl
IC009	Kimodo-SOMA-RP-v1.1	2026-08-25	good	partial	direct	exact_static_composition	Tiny crouch and hands-near-face semantics are represented; head detail is less exact.	results/prompt-catalog-review-36-100step/summary.jsonl
IC115	Kimodo-SOMA-RP-v1.1	2026-08-25	good	partial	hand_layer	finger_precision	Arm and hand placement near the face is good; exact double-peace finger geometry belongs to Hand Layer.	results/prompt-catalog-review-36-100step/summary.jsonl
DC062	Kimodo-SOMA-RP-v1.1	2026-08-25	partial	partial	direct	ordered_sequence	Open-arm component is clear, but the ordered side-step to final-foot-pose sequence is not exact inside one VAC.	results/prompt-catalog-review-36-100step/summary.jsonl
DC032	Kimodo-SOMA-RP-v1.1	2026-08-25	partial	partial	direct	ordered_sequence;root_distance	Dynamic motion appears, but skip to point to jump timing is not exact inside one VAC and root travel is excessive.	results/prompt-catalog-review-36-100step/summary.jsonl
RF039	Kimodo-SOMA-RP-v1.1	2026-08-25	partial	partial	direct	ordered_sequence;root_distance	Runway-like motion is present, but the walk to garment presentation to stop-pose ordering is only partially reliable inside one VAC.	results/prompt-catalog-review-36-100step/summary.jsonl
RF054	Kimodo-SOMA-RP-v1.1	2026-08-25	good	partial	direct_with_speed_control	root_distance	Coherent runway walking and arm motion; generated travel distance is too large for many use cases.	results/prompt-catalog-review-36-100step/summary.jsonl
RF165	Kimodo-SOMA-RP-v1.1	2026-08-25	good	partial	direct	exact_static_composition	Power-walk and hand-on-hip fashion silhouette are usable; exact finish can be an authored pose.	results/prompt-catalog-review-36-100step/summary.jsonl
BS020	Kimodo-SOMA-RP-v1.1	2026-08-25	partial	poor	prop_constraint	prop_contact;support_surface;exact_static_composition	Chair-dependent seated semantics are unreliable without explicit chair/contact handling; prefer Pose Library plus constraints.	results/prompt-catalog-review-36-100step/summary.jsonl
BS160	Kimodo-SOMA-RP-v1.1	2026-08-25	partial	poor	prop_constraint	prop_contact;support_surface;exact_static_composition	Deep chair sit and exact editorial composition are unreliable as free generation.	results/prompt-catalog-review-36-100step/summary.jsonl
BS166	Kimodo-SOMA-RP-v1.1	2026-08-25	partial	partial	pose_library	floor_contact;exact_static_composition	Kneeling configuration emerges, but exact arm/head composition is inconsistent.	results/prompt-catalog-review-36-100step/summary.jsonl
body_chest_pop	Kimodo-SOMA-RP-v1.1	2026-08-26	poor	poor	direct	root_distance	Even after explicit feet-planted and arms-relaxed wording, two refined 100-step seeds still produce about 0.48-0.99 m horizontal root travel; keep as a capability gap.	results/semantic-gap-isolation-refined-seed1/summary.jsonl;results/semantic-gap-isolation-refined-seed2/summary.jsonl
body_hip_sway	Kimodo-SOMA-RP-v1.1	2026-08-26	good	good	direct		Side-to-side hip sway remained clear across repeated 25-step seeds and two 100-step visual reviews with only small root drift.	results/semantic-gap-promotion-100step/summary.jsonl;results/semantic-gap-promotion-100step-seed2/summary.jsonl
body_wave_forward	Kimodo-SOMA-RP-v1.1	2026-08-26	partial	poor	direct		The result is dominated by arm/shoulder motion; a clear chest-to-hips wave is not visible in the four-frame review.	results/semantic-gap-selected-100step/summary.jsonl
locomotion_quick_stop	Kimodo-SOMA-RP-v1.1	2026-08-26	good	good	direct_with_speed_control	root_distance	Two 100-step seeds clearly decelerate from fast walking to near-zero ending speed; semantics are stable, while authored root distance/speed normalization remains recommended.	results/semantic-gap-high2-100step-seed1/summary.jsonl;results/semantic-gap-high2-100step-seed2/summary.jsonl
dance_grapevine	Kimodo-SOMA-RP-v1.1	2026-08-26	good	partial	direct	floor_contact	Refined left/right prompts both produced repeated foot-order crossings across two 100-step seeds, but requested travel direction was seed-unstable; promote only the direction-neutral grapevine concept.	results/semantic-gap-high-final-seed1/summary.jsonl;results/semantic-gap-high-final-seed2/summary.jsonl
transition_stand_to_kneel	Kimodo-SOMA-RP-v1.1	2026-08-26	good	good	direct	floor_contact	Initial wording showed final-state seed instability; after changing the canonical prompt to explicitly remain kneeling, two 100-step seeds both finish and hold a kneeling configuration.	results/semantic-gap-stand-kneel-explicit-seed1/summary.jsonl;results/semantic-gap-stand-kneel-explicit-seed2/summary.jsonl
body_shoulder_roll_forward	Kimodo-SOMA-RP-v1.1	2026-08-26	partial	poor	direct		Refined feet-planted/arms-relaxed wording suppresses root travel, but both seeds still recruit broad arm motion and one seed rotates the torso substantially; do not promote as an isolated shoulder primitive.	results/semantic-gap-isolation-refined-seed1/summary.jsonl;results/semantic-gap-isolation-refined-seed2/summary.jsonl
arm_reach_forward	Kimodo-SOMA-RP-v1.1	2026-08-26	good	good	direct		Repeated 100-step reviews consistently extend one arm forward while keeping the root nearly stationary.	results/semantic-gap-promotion-100step/summary.jsonl;results/semantic-gap-promotion-100step-seed2/summary.jsonl
arm_reach_up	Kimodo-SOMA-RP-v1.1	2026-08-26	good	good	direct		Repeated 100-step reviews consistently raise one arm overhead with negligible root travel.	results/semantic-gap-promotion-100step/summary.jsonl;results/semantic-gap-promotion-100step-seed2/summary.jsonl
arm_wave_motion	Kimodo-SOMA-RP-v1.1	2026-08-26	good	partial	direct	finger_precision	A flowing arm action is clear, but this remains distinct from exact wrist/finger wave geometry and is not promoted yet.	results/semantic-gap-promotion-100step/summary.jsonl
locomotion_hop_forward	Kimodo-SOMA-RP-v1.1	2026-08-26	good	good	direct	floor_contact	Two reviewed 100-step seeds move forward about 1.2-1.3 m and produce about 0.14-0.15 m simultaneous foot clearance, supporting a real forward hop.	results/semantic-gap-promotion-100step/summary.jsonl;results/semantic-gap-promotion-100step-seed2/summary.jsonl
locomotion_soft_stop	Kimodo-SOMA-RP-v1.1	2026-08-26	good	good	direct_with_speed_control	root_distance	Two reviewed seeds begin near walking speed and end near zero horizontal speed; use root distance/speed normalization for authored placement.	results/semantic-gap-promotion-100step/summary.jsonl;results/semantic-gap-promotion-100step-seed2/summary.jsonl
locomotion_start_walk	Kimodo-SOMA-RP-v1.1	2026-08-26	good	good	direct_with_speed_control	root_distance	Two reviewed seeds start at low horizontal speed, accelerate into walking, and travel about 3.8-4.3 m; useful as a VAC entry transition with distance control.	results/semantic-gap-promotion-100step/summary.jsonl;results/semantic-gap-promotion-100step-seed2/summary.jsonl
locomotion_turn_around	Kimodo-SOMA-RP-v1.1	2026-08-26	good	good	direct_with_speed_control	root_distance	Two reviewed seeds change body heading by about 175-179 degrees while moving, confirming a walking turn-around rather than only a stationary pivot.	results/semantic-gap-promotion-100step/summary.jsonl;results/semantic-gap-promotion-100step-seed2/summary.jsonl
dance_step_turn	Kimodo-SOMA-RP-v1.1	2026-08-26	good	good	direct	floor_contact	After rewriting the canonical phrase to require a 180-degree half turn ending opposite, two 100-step seeds change heading by about 172.9 and 178.4 degrees.	results/semantic-gap-isolation-refined-seed1/summary.jsonl;results/semantic-gap-isolation-refined-seed2/summary.jsonl
dance_sway_step	Kimodo-SOMA-RP-v1.1	2026-08-26	good	good	direct		Two reviewed seeds consistently combine side-to-side stepping with a visible hip/body sway and low unwanted root drift.	results/semantic-gap-promotion-100step/summary.jsonl;results/semantic-gap-promotion-100step-seed2/summary.jsonl
transition_kneel_to_stand	Kimodo-SOMA-RP-v1.1	2026-08-26	good	good	direct	floor_contact	Two reviewed 100-step seeds begin in a kneeling configuration and finish standing; minor floor-contact cleanup may still be needed.	results/semantic-gap-promotion-100step/summary.jsonl;results/semantic-gap-promotion-100step-seed2/summary.jsonl
transition_crouch_to_stand	Kimodo-SOMA-RP-v1.1	2026-08-26	good	good	direct	floor_contact	Two later 100-step seeds consistently rise from a low crouched configuration and finish upright; minor floor/contact cleanup may still be useful.	results/semantic-gap-high2-100step-seed1/summary.jsonl;results/semantic-gap-high2-100step-seed2/summary.jsonl
transition_stand_to_crouch	Kimodo-SOMA-RP-v1.1	2026-08-26	good	good	direct	floor_contact	Two later 100-step seeds consistently lower from standing into a crouched configuration and remain low at the end; promote while retaining floor-contact risk.	results/semantic-gap-high2-100step-seed1/summary.jsonl;results/semantic-gap-high2-100step-seed2/summary.jsonl
body_chest_circle	Kimodo-SOMA-RP-v1.1	2026-08-26	partial	poor	direct		Explicit chest-only wording keeps the root stationary, but reviewed motion still recruits large arm/shoulder movement instead of a clean chest isolation.	results/semantic-gap-isolation-refined-seed1/summary.jsonl;results/semantic-gap-isolation-refined-seed2/summary.jsonl
body_shoulder_roll_backward	Kimodo-SOMA-RP-v1.1	2026-08-26	partial	poor	direct		Refined wording removes the previous large root drift, but arm motion remains coupled strongly enough that the isolated backward shoulder roll is not reliable.	results/semantic-gap-isolation-refined-seed1/summary.jsonl;results/semantic-gap-isolation-refined-seed2/summary.jsonl
body_shoulder_shimmy	Kimodo-SOMA-RP-v1.1	2026-08-26	partial	partial	direct		Root travel is low after refined wording, but shoulder-only alternating motion is subtle and seed-dependent; keep as a gap rather than promote.	results/semantic-gap-isolation-refined-seed1/summary.jsonl;results/semantic-gap-isolation-refined-seed2/summary.jsonl
body_hip_roll	Kimodo-SOMA-RP-v1.1	2026-08-26	partial	poor	direct		Pelvis-only wording keeps root travel small, but the visible result still recruits upper-body and arm posture, so a clean hip-roll isolation is not established.	results/semantic-gap-isolation-refined-seed1/summary.jsonl;results/semantic-gap-isolation-refined-seed2/summary.jsonl
dance_cross_step	Kimodo-SOMA-RP-v1.1	2026-08-26	good	good	direct	floor_contact	Two 100-step seeds both show repeated left/right foot-order crossing; measured foot ordering changes four times in each seed.	results/semantic-gap-high2-100step-seed1/summary.jsonl;results/semantic-gap-high2-100step-seed2/summary.jsonl
dance_bounce_step	Kimodo-SOMA-RP-v1.1	2026-08-26	good	good	direct	floor_contact	Two 100-step seeds show lateral stepping with repeatable vertical bounce and stable end behavior.	results/semantic-gap-high2-100step-seed1/summary.jsonl;results/semantic-gap-high2-100step-seed2/summary.jsonl
transition_stand_to_sit	Kimodo-SOMA-RP-v1.1	2026-08-26	good	partial	prop_constraint	prop_contact;support_surface	Two 100-step seeds consistently lower from standing into a held seated body configuration; exact chair height/contact is outside single-VAC guarantees.	results/semantic-gap-high-final-seed1/summary.jsonl;results/semantic-gap-high-final-seed2/summary.jsonl
transition_sit_to_stand	Kimodo-SOMA-RP-v1.1	2026-08-26	good	partial	prop_constraint	prop_contact;support_surface	Two 100-step seeds consistently rise from a seated body configuration and finish standing; exact chair contact at the source pose is outside single-VAC guarantees.	results/semantic-gap-high-final-seed1/summary.jsonl;results/semantic-gap-high-final-seed2/summary.jsonl
cap_001	Kimodo-SOMA-RP-v1.1	2026-08-28	partial	poor	pose_library	exact_static_composition	Weight-shift silhouette is plausible, but two 100-step reviews do not reliably place the requested hand on the hip; prefer an authored final glamour pose.	results/capability-sweep-selected-100step/summary.jsonl;results/glamour-pose-promotion-seed2/summary.jsonl
cap_003	Kimodo-SOMA-RP-v1.1	2026-08-28	partial	poor	pose_library	exact_static_composition	Forward-lean intent is weakly present, but both reviewed seeds keep the hands in front rather than held behind the back.	results/glamour-pose-promotion-seed1/summary.jsonl;results/glamour-pose-promotion-seed2/summary.jsonl
cap_006	Kimodo-SOMA-RP-v1.1	2026-08-28	partial	poor	pose_library	exact_static_composition	Crossed-leg geometry appears transiently, but both seeds relax toward a neutral stance instead of preserving the photographed crossed-leg pose.	results/glamour-pose-promotion-seed1/summary.jsonl;results/glamour-pose-promotion-seed2/summary.jsonl
cap_008	Kimodo-SOMA-RP-v1.1	2026-08-28	partial	poor	pose_library	exact_static_composition	An overhead arm can emerge, but laterality and final hold are seed-sensitive; one seed recruits both arms and the other returns toward neutral.	results/glamour-pose-promotion-seed1/summary.jsonl;results/glamour-pose-promotion-seed2/summary.jsonl
cap_009	Kimodo-SOMA-RP-v1.1	2026-08-28	good	partial	direct	exact_static_composition	Both reviewed seeds produce a clear two-arm overhead glamour body line and visible torso arching, but the exact editorial silhouette still varies by seed.	results/glamour-pose-promotion-seed1/summary.jsonl;results/glamour-pose-promotion-seed2/summary.jsonl
cap_013	Kimodo-SOMA-RP-v1.1	2026-08-28	partial	poor	pose_library	floor_contact;exact_static_composition	Floor-level or kneeling semantics emerge, but upright kneeling plus controlled torso turn is not stable across the two reviewed seeds.	results/glamour-pose-promotion-seed1/summary.jsonl;results/glamour-pose-promotion-seed2/summary.jsonl
cap_019	Kimodo-SOMA-RP-v1.1	2026-08-28	poor	poor	pose_library	exact_static_composition	The requested shoulder touch and opposite head tilt are largely absent in both reviewed seeds; output remains close to a neutral standing pose.	results/glamour-pose-promotion-seed1/summary.jsonl;results/glamour-pose-promotion-seed2/summary.jsonl
cap_022	Kimodo-SOMA-RP-v1.1	2026-08-28	partial	poor	pose_library	exact_static_composition	Cheek-plus-hip hand placement is not reproduced consistently; one seed moves an arm toward the torso and the other stays near neutral.	results/glamour-pose-promotion-seed1/summary.jsonl;results/glamour-pose-promotion-seed2/summary.jsonl
